Submission ID,Respondent ID,Submitted at,Why are you interested in this role?,What sets you apart?,"Either describe 1 thing you would like to change in the ITI education offering or describe an innovation in education you would like to see at the ITI.","Describe how you would implement above change or innovation.","What do you consider the level of your experience to be in academia?","What do you consider the level of your experience to be in clinical practice (private)?","What do you consider the level of your experience to be in clinical practice (university/hospital/government)?","What do you consider the level of your experience to be in management within a public organisation?","What do you consider the level of your experience to be in management within a private/for profit organisation?","What do you consider the level of your experience to be in the design and execution of education within institutions?","What do you consider the level of your experience to be in the design and execution of continuous professional development and education through private entities?","What do you consider the level of your experience to be in the design and execution of online education?","What do you consider the level of your experience to be in commercial enterprise and entrepreneurship?","What do you consider the level of your experience to be in conventional or digital marketing?","What do you consider the level of your experience to be in media & content productions for educational purposes?"
APP-2025-001,RESP-10001,2025-02-15T10:30:00Z,"I am passionate about advancing dental education and have been following ITI's innovative approaches for years. My background in both clinical practice and educational design makes this role a perfect fit for my career goals. I believe that my experience developing digital learning platforms can help ITI reach more practitioners globally.","My unique combination of clinical expertise and digital education experience sets me apart. I have successfully implemented blended learning approaches in three dental schools, resulting in improved student outcomes and engagement. Additionally, I have developed online courses that have reached over 5,000 dental professionals worldwide, with exceptional satisfaction ratings.","I would like to implement adaptive learning pathways in ITI's education offerings. Currently, most courses follow a fixed curriculum, but I believe personalized learning paths based on individual assessment would significantly enhance learning outcomes.","I would implement this innovation in three phases:

Phase 1: Assessment Development (3 months)
- Create comprehensive entry assessments for each major learning track
- Develop algorithms to analyze results and recommend personalized pathways
- Test with focus groups of 25-30 practitioners

Phase 2: Content Modularization (6 months)
- Restructure existing content into discrete, tagged learning modules
- Create additional modules to address gaps in possible learning paths
- Develop a user-friendly interface for navigating personalized curricula

Phase 3: Pilot & Refinement (3 months)
- Launch pilot program with 100-200 participants
- Collect detailed feedback and performance metrics
- Refine pathways based on data analysis
- Scale to full implementation","4","3","5","2","2","4","3","5","3","2","4"
APP-2025-002,RESP-10002,2025-02-18T15:45:00Z,"The opportunity to shape the future of dental education at an organization with ITI's reputation is extremely appealing. Having spent the last decade developing innovative educational programs for surgical techniques, I believe I can bring valuable insights to this role. I'm particularly excited about the chance to bridge traditional teaching methods with emerging technologies.","I have pioneered several immersive learning environments using virtual reality for surgical training, which have been adopted by two major dental schools internationally. My research on simulation-based education has been published in top journals, and I regularly speak at international conferences on educational innovation. I also maintain an active clinical practice, keeping me connected to the realities of implementing new techniques.","I would like to introduce virtual reality simulation for implant placement training. While ITI offers excellent workshops, adding VR components would allow practitioners to practice techniques repeatedly in a risk-free environment before attending hands-on sessions.","Implementation plan:

1. Technology Assessment & Selection (2 months)
- Evaluate existing VR platforms for dental education
- Select appropriate hardware and software partners
- Define technical specifications and integration requirements

2. Content Development (4 months)
- Collaborate with ITI experts to identify key procedures for simulation
- Develop detailed 3D models and haptic feedback parameters
- Create progressive difficulty levels for different learning stages

3. Testing & Validation (3 months)
- Recruit 50 practitioners of varying experience levels
- Compare learning outcomes with traditional methods
- Refine simulations based on feedback and performance metrics

4. Integration with Existing Curriculum (3 months)
- Develop pre-workshop VR modules
- Create post-workshop reinforcement exercises
- Design assessment tools to measure skill development

5. Global Rollout Strategy
- Regional training centers with VR equipment
- Portable solutions for remote locations
- Subscription model for continuous access","5","4","4","3","2","4","3","3","4","3","2"
APP-2025-003,RESP-10003,2025-02-20T09:15:00Z,"I've dedicated my career to improving access to quality dental education in underserved regions, and I see ITI as the perfect platform to expand this work globally. The organization's commitment to evidence-based practice aligns perfectly with my philosophy of education. I'm excited about the potential to develop programs that are both scientifically rigorous and practically applicable.","My experience establishing dental education programs in developing countries gives me a unique perspective on the challenges of delivering high-quality training in resource-limited settings. I've created sustainable training models that continue to function years after initial implementation, reaching over 500 practitioners annually. Additionally, my background in educational technology has allowed me to develop low-cost, high-impact solutions for remote learning.","I would like to develop a global mentorship network connecting experienced ITI practitioners with those in developing regions who have limited access to continuing education. This would enhance ITI's global reach while providing valuable support to practitioners in underserved areas.","Implementation strategy:

1. Needs Assessment (2 months)
- Survey practitioners in target regions to identify specific needs
- Consult with local dental associations to understand regional challenges
- Map existing ITI members willing to serve as mentors

2. Platform Development (3 months)
- Create a secure, low-bandwidth digital platform for communication
- Develop structured templates for case discussions
- Integrate translation services for cross-language mentorship

3. Pilot Program (4 months)
- Select 20 mentor-mentee pairs across 5 regions
- Provide training for mentors on effective remote guidance
- Establish clear guidelines and expectations for participation

4. Content Support (ongoing)
- Develop reference materials specific to resource-limited settings
- Create case libraries for common scenarios
- Establish protocols for when in-person training is necessary

5. Evaluation & Scaling (3 months + ongoing)
- Measure impact through competency assessments and satisfaction surveys
- Identify successful patterns of interaction
- Gradually expand to additional regions based on mentor availability","3","4","5","4","2","5","4","3","2","3","4"